Suburb/Town Name,Offence Count
Abbeyard,3
Abbotsford,1110
Aberfeldie,161
Aberfeldy,2
Acheron,5
Agnes,1
Aintree,11
Aireys Inlet,48
Airly,4
Airport West,991
Albanvale,384
Albert Park,504
Alberton,6
Alberton West,3
Albion,475
Alexandra,189
Alfredton,335
Allambee,1
Allambee Reserve,1
Allambee South,3
Allans Flat,2
Allansford,30
Allendale,13
Allestree,6
Alma,2
Almonds,1
Almurta,4
Alphington,259
Altona,826
Altona Meadows,972
Altona North,1272
Alvie,3
Amherst,3
Amphitheatre,37
Anakie,18
Ancona,7
Anderson,6
Anglers Rest,1
Anglesea,95
Apollo Bay,125
Appin South,2
Apsley,6
Ararat,878
Arawata,1
Arcadia,10
Arcadia South,1
Archdale Junction,1
Archies Creek,2
Ardeer,280
Ardmona,31
Armadale,541
Armstrong,17
Armstrong Creek,32
Arnold,2
Arthurs Creek,15
Arthurs Seat,38
Ascot,60
Ascot Vale,1124
Ashbourne,10
Ashburton,408
Ashwood,439
Aspendale,313
Aspendale Gardens,112
Athlone,9
Attwood,114
Avalon,61
Avenel,47
Avoca,45
Avondale Heights,422
Avonmore,3
Avonsleigh,28
Axe Creek,5
Axedale,31
Ayrford,5
Bacchus Marsh,746
Baddaginnie,36
Badger Creek,41
Bagshot North,1
Bailieston,3
Bairnsdale,1518
Bakery Hill,79
Balaclava,553
Bald Hills,5
Balintore,2
Ballan,255
Ballangeich,4
Ballarat Central,3390
Ballarat East,578
Ballarat North,152
Ballendella,2
Balliang,11
Balliang East,7
Ballyrogan,1
Balmattum,8
Balmoral,5
Balnarring,64
Balnarring Beach,5
Balwyn,420
Balwyn North,480
Bamawm,1
Bambra,3
Bamganie,3
Bandiana,7
Bangholme,52
Bannerton,3
Bannockburn,137
Banyena,1
Baranduda,32
Baringhup,9
Barjarg,12
Barkers Creek,23
Barkly,2
Barmah,26
Barnadown,1
Barnawartha,61
Barnawartha North,10
Baromi,14
Barongarook,13
Barongarook West,5
Barrabool,3
Barrys Reef,1
Barwidgee,2
Barwite,3
Barwon Downs,1
Barwon Heads,132
Bass,37
Batesford,21
Bathumi,1
Baw Baw,3
Baxter,186
Bayindeen,5
Bayles,8
Bayswater,1235
Bayswater North,712
Beaconsfield,309
Beaconsfield Upper,46
Bealiba,14
Bearii,3
Bears Lagoon,5
Beaufort,127
Beaumaris,307
Beeac,10
Beech Forest,2
Beechworth,102
Beenak,5
Belgrave,273
Belgrave Heights,44
Belgrave South,46
Bell Park,424
Bell Post Hill,219
Bellarine,37
Bellbrae,20
Bellbridge,8
Bellellen,1
Bellfield,158
Bells Beach,6
Belmont,1108
Bena,2
Benalla,1067
Benambra,7
Benayeo,1
Bend Of Islands,2
Bendigo,2764
Bendoc,1
Bengworden,6
Benjeroop,1
Benloch,5
Bentleigh,694
Bentleigh East,815
Benwerrin,1
Beremboke,10
Berringa,1
Berriwillock,5
Berrybank,2
Berrys Creek,2
Berwick,2060
Bessiebelle,6
Bet Bet,5
Bethanga,3
Betley,2
Beulah,11
Beverford,17
Beveridge,138
Big Hill,3
Big Pats Creek,3
Biggara,1
Binginwarri,5
Birchip,19
Birdwoodton,18
Birregurra,35
Bittern,121
Black Hill,138
Black Range,8
Black Rock,148
Blackburn,549
Blackburn North,149
Blackburn South,344
Blackwarry,1
Blackwood,11
Blairgowrie,136
Blakeville,1
Blampied,5
Blind Bight,29
Blowhard,3
Bo Peep,27
Bobinawarrah,4
Bochara,3
Bogong,1
Boho,2
Boinka,1
Boisdale,15
Bolinda,6
Bolwarra,12
Bolwarrah,1
Bonang,1
Bonbeach,262
Bonegilla,30
Boneo,20
Bonn,1
Bonnie Brook,101
Bonnie Doon,41
Bonshaw,2
Bookaar,9
Boolarra,30
Boolarra South,9
Boorcan,5
Boorhaman,2
Boorhaman North,4
Boorolite,4
Boort,19
Boronia,1657
Borung,6
Bostocks Creek,1
Botanic Ridge,65
Boundary Bend,9
Bowenvale,2
Boweya,3
Box Hill,1210
Box Hill North,275
Box Hill South,366
Boxwood,3
Braeside,255
Brandy Creek,1
Branxholme,12
Braybrook,1240
Breakaway Creek,5
Breakwater,156
Breamlea,6
Briagolong,49
Briar Hill,90
Bridge Creek,5
Bridgewater,4
Bridgewater On Loddon,228
Bright,113
Brighton,1244
Brighton East,640
Brim,6
Brimin,1
Brimpaen,5
Bringalbert,2
Brit Brit,4
Broadford,219
Broadmeadows,3331
Broadwater,4
Brodribb River,1
Bromley,2
Brookfield,369
Brooklyn,371
Brookville,1
Broomfield,17
Broughton,1
Brown Hill,101
Browns Plains,1
Bruarong,1
Brucknell,1
Brunswick,2829
Brunswick East,911
Brunswick West,745
Bruthen,41
Buangor,3
Buchan,10
Buchan South,1
Buckland,4
Buckley,1
Budgeree,3
Buffalo,2
Buffalo River,11
Bulla,66
Bullarook,4
Bullarto,6
Bulleen,498
Bullengarook,25
Bullumwaal,6
Buln Buln,11
Buln Buln East,1
Bumberrah,2
Bunbartha,7
Bundalaguah,3
Bundalong,22
Bunding,2
Bundoora,1888
Bungador,2
Bungalally,9
Bungaree,15
Bungil,7
Buninyong,104
Bunkers Hill,3
Bunyip,117
Bunyip North,1
Buragwonduc,1
Burnbank,1
Burnewang,5
Burnley,117
Burnside,236
Burnside Heights,298
Burramboot,1
Burramine,4
Burrumbeet,28
Burwood,900
Burwood East,444
Bushfield,5
Buxton,18
Byaduk,1
Byawatha,16
Bylands,18
Byrneside,5
Cabarita,12
Cabbage Tree Creek,7
Cairnlea,555
Calder Park,37
Caldermeade,20
California Gully,481
Calivil,6
Callawadda,2
Callignee,8
Callignee North,8
Calrossie,5
Calulu,4
Cambarville,12
Camberwell,857
Cambrian Hill,9
Campbellfield,1431
Campbells Bridge,1
Campbells Creek,53
Campbells Forest,9
Campbelltown,1
Camperdown,172
Canadian,269
Caniambo,1
Cann River,58
Cannie,1
Cannons Creek,24
Canterbury,332
Cape Bridgewater,5
Cape Clear,3
Cape Conran,5
Cape Otway,6
Cape Paterson,55
Cape Schanck,12
Cape Woolamai,71
Capel Sound,399
Carag Carag,1
Caramut,9
Carapooee West,1
Carapook,1
Cardigan,12
Cardigan Village,25
Cardinia,18
Cardross,23
Cargerie,2
Caringal,5
Carisbrook,75
Carlisle River,1
Carlsruhe,13
Carlton,1878
Carlton North,532
Carlyle,1
Carnegie,689
Carngham,7
Caroline Springs,1217
Carpendeit,2
Carrajung,14
Carrajung Lower,7
Carrajung South,5
Carranballac,3
Carron,1
Carrum,468
Carrum Downs,1540
Carwarp,12
Cashmore,17
Castella,4
Casterton,56
Castle Donnington,4
Castlemaine,493
Catani,40
Cathcart,8
Cathkin,1
Caulfield,302
Caulfield East,226
Caulfield North,516
Caulfield South,354
Cavendish,9
Ceres,7
Chadstone,599
Charlemont,15
Charleroi,3
Charlton,33
Chelsea,536
Chelsea Heights,310
Cheltenham,1664
Chepstowe,1
Cherrypool,1
Cheshunt,8
Chesney Vale,2
Chetwynd,7
Chewton,17
Childers,2
Chillingollah,1
Chiltern,67
Chiltern Valley,1
Chinangin,3
Chinkapook,1
Chintin,1
Chirnside Park,657
Chocolyn,1
Christmas Hills,13
Chum Creek,26
Churchill,673
Churchill Island,1
Clarendon,1
Claretown,2
Clarinda,265
Clarkefield,20
Clarkes Hill,3
Clayton,1217
Clayton South,724
Clear Lake,5
Clematis,5
Clifton Creek,1
Clifton Hill,700
Clifton Springs,161
Clonbinane,25
Cloverlea,2
Club Terrace,5
Clunes,57
Clyde,103
Clyde North,323
Clydebank,5
Coalville,2
Cobains,27
Cobaw,2
Cobblebank,60
Cobden,52
Cobram,435
Cobram East,12
Cobrico,1
Cobungra,2
Coburg,2314
Coburg North,879
Cochranes Creek,2
Cockatoo,222
Codrington,2
Coghills Creek,3
Cohuna,133
Coimadai,38
Colac,1105
Colac East,21
Colac West,4
Colbinabbin,12
Coldstream,69
Coleraine,68
Colignan,14
Collingwood,1903
Concongella,17
Condah,6
Congupna,14
Connewarre,18
Coojar,2
Coolaroo,496
Cooma,2
Coomboona,5
Coomoora,3
Coongulla,8
Cooriemungle,9
Cora Lynn,6
Coragulac,1
Corindhap,5
Corinella,48
Corio,2168
Cornella,7
Cornishtown,2
Coronet Bay,78
Corop,10
Cororooke,6
Corringle,2
Corryong,80
Cosgrove,1
Cosgrove South,2
Costerfield,21
Cotswold,4
Cottles Bridge,11
Cowangie,1
Cowes,488
Cowwarr,8
Craigie,2
Craigieburn,2961
Cranbourne,2409
Cranbourne East,543
Cranbourne North,1130
Cranbourne South,65
Cranbourne West,724
Cremorne,331
Cressy,3
Creswick,207
Creswick North,2
Crib Point,184
Cross Roads,1
Crossley,8
Crossover,7
Crowlands,1
Croxton East,1
Croydon,1850
Croydon Hills,130
Croydon North,186
Croydon South,191
Cudgee,3
Cudgewa,5
Culgoa,2
Culla,1
Cullulleraine,2
Curdies River,1
Curdievale,7
Curlewis,56
Dadswells Bridge,3
Daisy Hill,1
Dales Creek,3
Dallas,552
Dalmore,5
Dalyston,26
Dandenong,7039
Dandenong North,1281
Dandenong South,820
Dargo,22
Darley,276
Darlington,14
Darnum,26
Darraweit Guim,16
Dartmoor,4
Dartmouth,4
Dawson,2
Daylesford,140
Dean,6
Deans Marsh,7
Deanside,14
Dederang,9
Deep Lead,10
Deepdene,57
Deer Park,1459
Delacombe,362
Delahey,479
Delatite,1
Delburn,4
Denicull Creek,1
Denison,21
Dennington,65
Denver,3
Derby,2
Dereel,29
Derrimut,429
Derrinal,18
Derrinallum,20
Devenish,16
Devils River,1
Devon Meadows,34
Devon North,4
Dewhurst,21
Dhurringile,2
Diamond Creek,439
Digby,6
Diggers Rest,229
Dimboola,72
Dingee,21
Dingley Village,361
Dinner Plain,2
Dixons Creek,10
Dobie,7
Docker,4
Dockers Plains,1
Docklands,2050
Doctors Flat,1
Don Valley,17
Donald,74
Doncaster,1389
Doncaster East,741
Donnybrook,24
Donvale,255
Dooen,10
Dookie,35
Dookie College,2
Doreen,691
Dorodong,13
Double Bridges,2
Doveton,1162
Dreeite,1
Dreeite South,1
Driffield,2
Dromana,502
Drouin,1079
Drouin East,7
Drouin South,15
Drouin West,6
Drumanure,2
Drumborg,8
Drumcondra,73
Drummond,8
Drummond North,8
Drung,14
Drysdale,222
Dumbalk,6
Dunach,10
Dundonnell,1
Dunkeld,25
Dunluce,1
Dunnstown,14
Dunolly,31
Dunrobin,1
Durdidwarrah,1
Durham Lead,5
Durham Ox,1
Dutson,6
Eagle Point,34
Eaglehawk,607
Eaglemont,142
East Bairnsdale,247
East Bendigo,169
East Geelong,284
East Melbourne,825
East Sale,1
East Wangaratta,2
East Warburton,12
Eastwood,67
Ebden,5
Echuca,1859
Echuca Village,20
Echuca West,8
Ecklin South,3
Eden Park,29
Edenhope,54
Edgecombe,3
Edi,1
Edithvale,249
Eganstown,5
Eildon,90
Elaine,13
Eldorado,4
Elevated Plains,1
Elingamite,1
Elingamite North,7
Ellaswood,1
Ellerslie,5
Elliminyt,77
Ellinbank,3
Elmhurst,10
Elmore,29
Elphinstone,33
Elsternwick,499
Eltham,813
Eltham North,120
Elwood,1073
Emerald,384
Emu,6
Emu Creek,2
Endeavour Hills,1108
Enfield,13
Ensay,5
Eppalock,14
Epping,3307
Epsom,276
Ercildoune,1
Erica,13
Eskdale,2
Essendon,1222
Essendon Fields,192
Essendon North,160
Essendon West,37
Eumemmerring,232
Eureka,71
Euroa,155
Evansford,24
Everton,11
Exford,8
Eynesbury,61
Fairfield,529
Fairhaven,17
Faraday,3
Fawcett,3
Fawkner,871
Fern Hill,2
Fernbank,20
Ferndale,3
Ferntree Gully,1549
Ferny Creek,62
Fingal,20
Fish Creek,14
Fish Point,2
Fiskville,1
Fitzroy,2793
Fitzroy North,1205
Flaggy Creek,5
Flagstaff,5
Flemington,1527
Flinders,26
Flora Hill,222
Flowerdale,23
Flynn,13
Flynns Creek,1
Footscray,2662
Forbes,2
Forest Hill,654
Forge Creek,9
Forrest,6
Foster,83
Foster North,5
Fosterville,9
Framlingham,4
Framlingham East,1
Franklinford,1
Frankston,8278
Frankston North,818
Frankston South,702
Fraser Rise,174
Freeburgh,4
Frenchmans,1
Freshwater Creek,10
Fryerstown,2
Fulham,47
Fumina,1
Fumina South,1
Fyans Creek,1
Fyansford,62
Gannawarra,3
Gapsted,3
Gardenvale,46
Garfield,75
Garvoc,12
Gateway Island,6
Geelong,3068
Geelong West,674
Gellibrand,19
Gellibrand Lower,2
Gelliondale,2
Gembrook,59
Genoa,2
Gentle Annie,2
Gerangamete,2
Germania,1
Gherang,1
Gheringhap,10
Ghin Ghin,2
Giffard,3
Giffard West,13
Gilderoy,8
Girgarre,23
Girgarre East,5
Gisborne,341
Gisborne South,36
Gladstone Park,556
Gladysdale,7
Glen Alvie,9
Glen Forbes,4
Glen Huntly,259
Glen Iris,773
Glen Park,15
Glen Valley,1
Glen Waverley,1584
Glen Wills,1
Glenaire,4
Glenaladale,4
Glenalbyn,3
Glenaroua,14
Glenburn,20
Glendaruel,1
Glengarry,42
Glengarry West,1
Glengower,1
Glenhope,6
Glenhope East,3
Glenlofty,1
Glenloth,1
Glenluce,1
Glenlyon,4
Glenmaggie,24
Glenmore,3
Glenorchy,1
Glenormiston North,1
Glenormiston South,4
Glenpatrick,1
Glenrowan,61
Glenroy,1865
Glenthompson,5
Gnarwarre,9
Gnotuk,2
Gobarup,6
Gobur,6
Golden Beach,23
Golden Gully,11
Golden Point,254
Golden Square,578
Goldie,2
Goldsborough,2
Gonn Crossing,3
Goomalibee,1
Goon Nure,3
Goongerah,3
Gooram,6
Gooramadda,1
Goorambat,2
Goornong,29
Gorae,5
Gorae West,15
Gordon,50
Gormandale,50
Goroke,6
Goschen,2
Goughs Bay,10
Goulburn Weir,8
Gowanbrae,129
Gowar East,2
Gower,1
Grahamvale,21
Grand Ridge,2
Grangefields,29
Granite Rock,3
Grantville,86
Granya,14
Graytown,6
Great Western,26
Green Gully,1
Greendale,9
Greenhill,1
Greens Creek,1
Greensborough,1366
Greenvale,541
Greenwald,2
Grenville,2
Greta South,1
Greta West,1
Gritjurk,2
Grovedale,665
Gruyere,12
Guildford,26
Gunbower,15
Guys Hill,7
Haddon,25
Hadfield,508
Hallam,980
Hallora,4
Halls Gap,26
Hallston,17
Hamilton,774
Hamlyn Heights,253
Hampton,539
Hampton East,412
Hampton Park,1380
Happy Valley,4
Harcourt,146
Harcourt North,10
Harkaway,23
Harkness,579
Harmers Haven,6
Harrietville,4
Harrow,7
Harston,5
Hastings,1512
Hattah,2
Havelock,1
Haven,42
Hawkesdale,5
Hawthorn,1390
Hawthorn East,557
Hazel Park,7
Hazelwood,12
Hazelwood North,47
Hazelwood South,2
Healesville,325
Heath Hill,5
Heathcote,209
Heathcote Junction,20
Heathcote South,1
Heatherton,145
Heathmere,19
Heathmont,532
Hedley,2
Heidelberg,1859
Heidelberg Heights,521
Heidelberg West,1175
Hepburn,2
Hepburn Springs,12
Herne Hill,156
Hernes Oak,27
Hesket,24
Hesse,5
Hexham,9
Heyfield,139
Heytesbury Lower,1
Heywood,115
Hiawatha,10
High Camp,15
Highett,770
Highlands,9
Highton,663
Hill End,11
Hillcrest,2
Hilldene,11
Hillside,560
Hmas Cerberus,14
Hoddles Creek,10
Hollands Landing,23
Homebush,1
Homerton,3
Homewood,3
Hopetoun,12
Hopetoun Park,10
Hoppers Crossing,3010
Hordern Vale,1
Horfield,1
Horsham,2182
Hotspur,2
Howes Creek,2
Howqua Inlet,2
Hughesdale,292
Humevale,8
Huntingdale,175
Huntly,43
Huntly North,4
Huon,4
Huon Creek,1
Hurstbridge,120
Illawarra,4
Illowa,12
Indented Head,29
Inglewood,45
Ingliston,8
Invergordon,11
Inverleigh,36
Inverloch,298
Invermay,16
Invermay Park,43
Iona,5
Iraak,4
Irishtown,1
Ironbark,62
Irrewarra,11
Irrewillipe,7
Irrewillipe East,1
Irymple,217
Ivanhoe,870
Ivanhoe East,118
Jacana,252
Jack River,3
Jackass Flat,41
Jacob Creek,14
Jam Jerrup,8
Jamieson,16
Jan Juc,100
Jancourt,13
Jancourt East,19
Jarrahmond,2
Jeeralang Junction,8
Jeetho,1
Jeffcott North,1
Jeparit,37
Jindivick,14
Joel Joel,2
Johanna,4
Johnsonville,2
Joyces Creek,1
Jumbuk,1
Junction Village,24
Junortoun,22
Kaarimba,4
Kadnook,2
Kalimna,28
Kalimna West,8
Kalkallo,29
Kalkee,1
Kallista,29
Kalorama,10
Kalpienung,1
Kamarooka,4
Kancoona,1
Kangaroo Flat,1008
Kangaroo Ground,32
Kaniva,37
Kanumbra,4
Kanyapella,3
Kardella,3
Kardella South,4
Kariah,1
Karramomus,2
Katamatite,24
Katamatite East,1
Katandra,2
Katandra West,58
Katunga,42
Kawarren,3
Kealba,356
Keely,4
Keilor,337
Keilor Downs,504
Keilor East,691
Keilor Lodge,35
Keilor North,30
Keilor Park,269
Kelvin View,2
Kennedys Creek,7
Kennett River,2
Kennington,255
Kensington,1213
Kerang,272
Kergunyah,6
Kernot,1
Kerrie,1
Kerrisdale,5
Kevington,3
Kew,1370
Kew East,189
Kewell,1
Keysborough,1350
Kialla,288
Kialla East,5
Kialla West,14
Kiata,10
Kiewa,22
Kilcunda,30
Killara,19
Killarney,8
Killawarra,1
Killingworth,1
Kilmany,8
Kilmore,459
Kilmore East,26
Kilsyth,600
Kilsyth South,100
Kimbolton,29
King Valley,1
Kinglake,57
Kinglake Central,8
Kinglake West,40
Kings Park,479
Kingsbury,255
Kingston,7
Kingsville,136
Kirkstall,37
Kirwans Bridge,4
Kithbrook,9
Knockwood,6
Knowsley,18
Knoxfield,519
Koetong,3
Kongwak,4
Koo Wee Rup,166
Koondrook,45
Koonoomoo,80
Koonwarra,4
Koorlong,8
Koornalla,5
Koorooman,5
Kooyong,92
Koroit,81
Korong Vale,27
Koroop,2
Korumburra,259
Korumburra South,4
Korweinguboora,20
Kotta,6
Kotupna,3
Koyuga,14
Kulwin,1
Kunat,2
Kurting,1
Kurunjang,594
Kyabram,380
Kyabram South,2
Kyneton,558
Kyneton South,1
Kyvalley,4
Laanecoorie,6
Labertouche,14
Laceby,3
Ladys Pass,2
Laharum,9
Lake Boga,42
Lake Bolac,28
Lake Bunga,22
Lake Charm,5
Lake Eildon,2
Lake Fyans,1
Lake Gardens,39
Lake Goldsmith,6
Lake Lonsdale,6
Lake Mundi,3
Lake Powell,6
Lake Rowan,3
Lake Tyers,39
Lake Tyers Beach,24
Lake Wendouree,190
Lake Wongan,1
Lakes Entrance,777
Lal Lal,11
Lalbert,5
Lalor,1418
Lamplough,1
Lancaster,8
Lance Creek,1
Lancefield,100
Landsborough,28
Lang Lang,89
Lang Lang East,4
Langi Logan,4
Langkoop,2
Langley,5
Langsborough,2
Langwarrin,978
Langwarrin South,28
Lara,787
Lardner,5
Larpent,7
Lascelles,8
Launching Place,53
Lauriston,3
Lavers Hill,3
Laverton,917
Laverton North,589
Lawloit,3
Learmonth,49
Ledcourt,1
Leichardt,1
Leigh Creek,4
Leitchville,22
Lemnos,8
Leneva,13
Leongatha,286
Leongatha North,5
Leongatha South,13
Leopold,341
Lerderderg,4
Leslie Manor,1
Lethbridge,26
Lexton,40
Licola,11
Lillico,1
Lillicur,1
Lillimur,9
Lilydale,1441
Lima South,2
Lindenow,11
Lindenow South,20
Lindsay Point,1
Linga,3
Linton,37
Lismore,29
Little Hampton,4
Little River,106
Llanelly,1
Llowalong,2
Loch,10
Loch Sport,84
Loch Valley,1
Lockington,29
Locksley,15
Lockwood,18
Lockwood South,9
Logan,1
Londrigan,3
Long Forest,31
Long Gully,380
Longerenong,8
Longford,43
Longlea,7
Longwarry,153
Longwarry North,20
Longwood,10
Longwood East,4
Lorne,165
Lorquon,1
Lovely Banks,97
Lower Moira,2
Lower Norton,2
Lower Plenty,174
Loy Yang,2
Lubeck,2
Lucas,21
Lucknow,63
Lucyvale,1
Lynbrook,401
Lyndhurst,281
Lyons,1
Lyonville,4
Lysterfield,175
Lysterfield South,52
Macarthur,19
Macclesfield,29
Macedon,86
Macleod,566
Macorna,4
Macs Cove,10
Maddingley,211
Maffra,336
Maffra West Upper,1
Magpie,14
Maiden Gully,95
Maidstone,726
Mailors Flat,9
Main Lead,2
Main Ridge,14
Maindample,7
Maintongoon,2
Major Plains,3
Majorca,10
Maldon,50
Mallacoota,104
Malmsbury,45
Malvern,624
Malvern East,1913
Mambourin,3
Manangatang,60
Mandurang,4
Mandurang South,3
Mangalore,6
Manifold Heights,139
Mannerim,10
Manor Lakes,223
Manorina,1
Mansfield,359
Marcus Hill,12
Marengo,4
Maribyrnong,1639
Marlo,27
Marnoo,3
Marnoo East,14
Marong,31
Maroona,7
Marraweeney,1
Marshall,66
Marungi,3
Maryborough,874
Maryknoll,6
Marysville,8
Maryvale,5
Matlock,3
Maude,4
McCrae,174
McIntyre,1
McKenzie Creek,1
McKenzie Hill,3
McKinnon,170
McLoughlins Beach,8
McMahons Creek,2
McMillans,1
Mead,2
Meadow Creek,18
Meadow Heights,1148
Meeniyan,24
Meerlieu,4
Melbourne,21195
Melbourne Airport,728
Melton,1987
Melton South,1119
Melton West,907
Melwood,1
Mentone,769
Menzies Creek,11
Mepunga,20
Mepunga East,1
Mepunga West,2
Merbein,228
Merbein South,4
Merbein West,9
Meredith,28
Meringur,1
Merino,20
Mernda,1071
Merriang,1
Merricks,1
Merricks Beach,2
Merricks North,7
Merrigum,27
Merrijig,35
Merrimu,9
Merrinee,2
Merton,9
Metcalfe,6
Metcalfe East,2
Metung,69
Mia Mia,7
Mickleham,219
Middle Creek,3
Middle Park,261
Middle Tarwin,1
Miepoll,3
Miga Lake,7
Milawa,4
Mildura,4921
Mill Park,2117
Millbrook,9
Millgrove,59
Milltown,3
Mincha West,2
Miners Rest,95
Minhamite,1
Minimay,3
Mininera,2
Minjah,1
Minmindie,1
Minyip,11
Miram,3
Mirboo,19
Mirboo North,138
Mitcham,799
Mitchell Park,75
Mitchellstown,3
Mitiamo,3
Mitre,1
Mitta Mitta,1
Modella,27
Modewarre,21
Moe,2053
Moe South,23
Moggs Creek,1
Mokepilly,1
Molesworth,10
Moliagul,1
Molka,1
Mollongghip,1
Molyullah,1
Monbulk,120
Monegeetta,7
Monomeith,3
Mont Albert,171
Mont Albert North,99
Montgomery,1
Montmorency,239
Montrose,252
Moolap,392
Moolort,2
Moonambel,4
Moondarra,17
Moonee Ponds,1615
Moonlight Flat,1
Moorabbin,1033
Moorabbin Airport,34
Moorabool,6
Mooralla,1
Moorilim,1
Moorooduc,129
Mooroolbark,1129
Mooroopna,979
Mooroopna North,33
Moranding,1
Mordialloc,654
Moriac,17
Mornington,1811
Morrisons,2
Mortlake,104
Morwell,4082
Mossiface,2
Mount Beauty,29
Mount Best,2
Mount Bruno,2
Mount Buller,1
Mount Burnett,6
Mount Bute,2
Mount Camel,8
Mount Clear,176
Mount Cottrell,50
Mount Dandenong,58
Mount Doran,2
Mount Duneed,54
Mount Eccles,2
Mount Egerton,15
Mount Eliza,437
Mount Emu,1
Mount Evelyn,299
Mount Franklin,2
Mount Glasgow,15
Mount Helen,65
Mount Lonarch,17
Mount Macedon,27
Mount Martha,374
Mount Mercer,5
Mount Moriac,30
Mount Pleasant,172
Mount Richmond,10
Mount Rowan,9
Mount Taylor,7
Mount Toolebewong,2
Mount Wallace,8
Mount Waverley,1039
Mountain View,3
Moyhu,7
Moyston,7
Muckatah,2
Muckleford,15
Muckleford South,5
Mudgegonga,2
Mulgrave,1555
Mumbannar,13
Munro,3
Muntham,1
Murchison,82
Murchison East,31
Murchison North,5
Murgheboluc,2
Murphys Creek,1
Murra Warra,1
Murrabit,9
Murrabit West,2
Murrawee,1
Murraydale,5
Murrayville,9
Murrindal,1
Murrindindi,5
Murroon,5
Murrumbeena,363
Murtoa,101
Muskerry,1
Myall,2
Myamyn,1
Myers Flat,24
Myrniong,8
Myrrhee,12
Myrtlebank,5
Myrtleford,151
Mystic Park,10
Nagambie,97
Nalangil,2
Nalinga,1
Nambrok,15
Nandaly,2
Nangana,1
Nangeela,1
Nangiloc,11
Nanneella,5
Napoleons,16
Nar Nar Goon,49
Nar Nar Goon North,14
Narbethong,12
Nareen,4
Nariel Valley,2
Naringal,6
Naringal East,8
Naroghid,1
Narracan,10
Narrawong,9
Narre Warren,2882
Narre Warren East,23
Narre Warren North,257
Narre Warren South,1058
Narrung,1
Nathalia,114
Natimuk,6
Natte Yallock,2
Navarre,6
Navigators,12
Nayook,42
Neerim,11
Neerim East,18
Neerim Junction,4
Neerim North,1
Neerim South,55
Neilborough,11
Nelson,12
Nerrena,2
Nerrina,38
Netherby,1
New Gisborne,57
Newborough,558
Newbridge,8
Newbury,6
Newcomb,553
Newfield,2
Newham,7
Newhaven,48
Newington,107
Newlands Arm,15
Newlyn,7
Newlyn North,6
Newmerella,18
Newport,851
Newry,16
Newstead,17
Newtown,549
Nhill,63
Nichols Point,40
Nicholson,25
Niddrie,229
Nilma,9
Nilma North,5
Nirranda South,5
Noble Park,2480
Noble Park North,439
Noojee,20
Noorat,8
Noorinbee,4
Noradjuha,3
Norlane,1697
Normanville,1
North Bendigo,218
North Geelong,506
North Melbourne,1723
North Shore,93
North Wangaratta,11
North Warrandyte,23
North Wonthaggi,165
Northcote,2013
Northwood,13
Norval,2
Notting Hill,142
Nowa Nowa,11
Nowie,8
Nug Nug,7
Nullawarre,11
Numurkah,196
Nunawading,674
Nungurner,2
Nunniong,1
Nurrabiel,2
Nutfield,26
Nyah,20
Nyah West,46
Nyora,45
Oak Park,226
Oaklands Junction,17
Oakleigh,947
Oakleigh East,339
Oakleigh South,464
Ocean Grove,404
Officer,344
Officer South,1
Olinda,77
Ombersley,2
Omeo,15
Ondit,1
Orbost,269
Orford,3
Ormond,261
Orrvale,38
Osbornes Flat,1
Outtrim,10
Ouyen,67
Ovens,4
Oxley,5
Paaratte,1
Pakenham,3437
Pakenham South,2
Pakenham Upper,65
Panmure,6
Panton Hill,15
Paradise Beach,7
Paraparap,4
Park Orchards,84
Parkdale,414
Parkville,617
Parwan,24
Pascoe Vale,973
Pascoe Vale South,425
Pastoria,3
Patchewollock,1
Patho,4
Patterson Lakes,363
Paynesville,112
Pearcedale,115
Pearsondale,1
Peechelba,1
Peechelba East,1
Pennyroyal,2
Penshurst,19
Pental Island,3
Pentland Hills,3
Percydale,4
Perry Bridge,3
Peterborough,8
Pheasant Creek,5
Piangil,16
Picola,14
Piedmont,1
Pier Milan,1
Pigeon Ponds,1
Pimpinio,38
Pine Grove,2
Pine Lodge,6
Pioneer Bay,24
Piries,6
Pirron Yallock,3
Plenty,103
Plumpton,5
Point Cook,1607
Point Leo,8
Point Lonsdale,59
Point Wilson,8
Pomborneit,12
Pomborneit East,3
Pomonal,3
Poolaijelo,1
Pootilla,5
Poowong,15
Poowong East,1
Poowong North,2
Porepunkah,81
Port Albert,32
Port Campbell,24
Port Fairy,179
Port Franklin,3
Port Melbourne,1762
Port Welshpool,15
Portarlington,200
Portland,1266
Portland North,39
Portland West,42
Portsea,74
Pound Creek,2
Powelltown,10
Prahran,2508
Prairie,1
Preston,5319
Princes Hill,172
Princetown,6
Puckapunyal,74
Pura Pura,1
Purnim,1
Pyalong,53
Pyramid Hill,19
Quambatook,19
Quandong,116
Quantong,4
Quarry Hill,96
Queenscliff,84
Raglan,6
Rainbow,25
Ranceby,1
Rathscar,2
Ravenhall,288
Ravenswood,53
Ravenswood South,7
Rawson,7
Raymond Island,10
Raywood,8
Red Cliffs,297
Red Hill,24
Red Hill South,13
Red Lion,2
Redan,353
Redbank,6
Redcastle,6
Redesdale,9
Reedy Creek,27
Reedy Dam,1
Reefton,3
Research,41
Reservoir,4448
Rhyll,18
Rich Avon East,1
Richmond,3885
Riddells Creek,85
Ringwood,3082
Ringwood East,628
Ringwood North,203
Ripplebrook,15
Rippleside,93
Ripponlea,96
Riverside,16
Riverslea,3
Robertsons Beach,10
Robinvale,404
Rochester,181
Rochford,1
Rockbank,76
Rocklands,1
Rokeby,9
Rokewood,15
Romsey,240
Rosanna,317
Rose River,1
Rosebrook,1
Rosebud,1570
Rosedale,100
Rosewhite,1
Ross Creek,16
Rossbridge,3
Rowsley,4
Rowville,1596
Roxburgh Park,1236
Rubicon,3
Ruby,1
Ruffy,1
Runnymede,1
Rupanyup,13
Rushworth,123
Russells Bridge,1
Rutherglen,89
Ryanston,6
Rye,680
Safety Beach,185
Sailors Falls,1
Sailors Gully,15
Sailors Hill,2
Sale,2134
Samaria,3
San Remo,80
Sandford,5
Sandhurst,183
Sandringham,484
Sandy Creek,2
Sandy Point,6
Sarsfield,5
Sassafras,22
Sawmill Settlement,4
Scarsdale,29
Scoresby,424
Scotsburn,8
Scotts Creek,4
Sea Lake,23
Seabrook,201
Seacombe,1
Seaford,2018
Seaholme,95
Seaspray,24
Seaton,3
Seaview,3
Sebastian,6
Sebastopol,956
Seddon,248
Sedgwick,1
Selby,50
Selwyn,3
Serpentine,12
Serviceton,25
Seville,79
Seville East,7
Seymour,985
Shady Creek,7
She Oaks,3
Shelbourne,4
Shelford,3
Shelley,1
Shepherds Flat,2
Shepparton,5148
Shepparton East,36
Shepparton North,29
Sherbrooke,13
Shoreham,13
Silvan,29
Silverleaves,6
Simpson,7
Simson,7
Skenes Creek,3
Skenes Creek North,1
Skipton,14
Skye,345
Smeaton,12
Smiths Beach,27
Smiths Gully,11
Smokeytown,1
Smythes Creek,17
Smythesdale,35
Snake Valley,22
Soldiers Hill,218
Somers,63
Somerton,247
Somerville,707
Sorrento,186
South Dudley,38
South Geelong,268
South Kingsville,72
South Melbourne,2091
South Morang,1129
South Purrumbete,1
South Wharf,208
South Yarra,2143
Southbank,2672
Southern Cross,3
Spargo Creek,3
Speed,1
Spotswood,286
Spring Gully,92
Spring Hill,3
Springbank,1
Springdallah,1
Springfield,9
Springhurst,29
Springmount,1
Springvale,1842
Springvale South,623
St Albans,3215
St Albans Park,252
St Andrews,31
St Andrews Beach,55
St Arnaud,162
St Arnaud East,7
St Germains,10
St Helena,67
St Helens Plains,3
St James,17
St Kilda,4436
St Kilda East,532
St Kilda West,246
St Leonards,162
Staceys Bridge,1
Staffordshire Reef,1
Staghorn Flat,5
Stanhope,35
Stanley,2
Staughton Vale,2
Stawell,608
Steels Creek,3
Steiglitz,14
Stewarton,3
Stockdale,3
Stockyard Hill,1
Stonehaven,4
Stoneleigh,1
Stony Creek,8
Stonyford,6
Stradbroke,11
Stratford,106
Strath Creek,12
Strathallan,9
Strathbogie,12
Strathdale,194
Strathdownie,4
Strathewen,3
Strathfieldsaye,90
Strathkellar,3
Strathlea,1
Strathmerton,37
Strathmore,391
Strathmore Heights,55
Strathtulloh,11
Streatham,1
Strzelecki,2
Stuart Mill,7
Sugarloaf Creek,8
Sulky,2
Summerlands,1
Sunbury,2451
Sunday Creek,5
Sunderland Bay,21
Sunset Strip,13
Sunshine,3428
Sunshine North,1162
Sunshine West,1213
Surf Beach,44
Surrey Hills,408
Sutherlands Creek,24
Sutton Grange,5
Swan Bay,1
Swan Hill,1459
Swan Hill West,1
Swan Marsh,3
Swan Reach,22
Swanpool,4
Swifts Creek,23
Sydenham,567
Sylvaterre,1
Tabilk,43
Taggerty,14
Tahara West,1
Talbot,26
Talgarno,2
Tallandoon,3
Tallangatta,35
Tallangatta East,1
Tallangatta South,1
Tallarook,66
Tallygaroopna,7
Tambo Upper,3
Tamboon,9
Taminick,2
Tangambalanga,12
Tanjil Bren,1
Tanjil South,21
Tanwood,4
Taradale,42
Tarnagulla,8
Tarneit,1455
Tarnook,1
Tarra Valley,13
Tarranyurk,3
Tarraville,1
Tarrawarra,2
Tarrawingee,7
Tarrengower,1
Tarrenlea,1
Tarrington,1
Tarrone,1
Tarwin,3
Tarwin Lower,18
Tatong,1
Tatura,212
Tatura East,12
Tatyoon,2
Tawonga,12
Tawonga South,4
Taylor Bay,1
Taylors Hill,626
Taylors Lakes,1299
Teal Point,1
Tecoma,76
Teddywaddy,1
Teesdale,13
Telopea Downs,3
Templestowe,416
Templestowe Lower,394
Tempy,6
Tenby Point,6
Tennyson,2
Terang,176
Terip Terip,1
Tesbury,1
Tetoora Road,2
The Basin,148
The Gurdies,12
The Heart,2
The Honeysuckles,2
The Patch,26
The Sisters,1
Thologolong,3
Thomastown,2197
Thomson,196
Thoona,6
Thornbury,1362
Thornhill Park,15
Thornton,7
Thorpdale,7
Thorpdale South,1
Thowgla Valley,4
Three Bridges,1
Timboon,27
Timmering,4
Timor,5
Tinamba,14
Tinamba West,5
Tintaldra,1
Tol Tol,2
Tolmie,7
Tongala,105
Tongio,3
Tonimbuk,6
Tooborac,27
Toolamba,28
Toolamba West,8
Toolangi,15
Toolern Vale,65
Toolleen,7
Toolong,1
Toombon,6
Toongabbie,25
Toora,40
Toora North,1
Tooradin,127
Toorak,812
Toorloo Arm,10
Tootgarook,490
Torquay,690
Torrita,1
Torrumbarry,13
Torwood,2
Tottenham,146
Tourello,3
Tower Hill,7
Trafalgar,638
Trafalgar East,28
Trafalgar South,8
Tragowel,2
Traralgon,3842
Traralgon East,72
Traralgon South,14
Travancore,118
Trawalla,12
Trawool,5
Tremont,16
Trentham,29
Trentham East,4
Tresco,7
Tresco West,6
Trida,3
Truganina,821
Tubbut,1
Tuerong,21
Tullamarine,960
Tungamah,26
Turtons Creek,1
Tyaak,2
Tyabb,164
Tyers,30
Tylden,38
Tynong,27
Tynong North,15
Tyntynder,4
Tyntynder South,5
Tyrendarra,2
Ullina,1
Ullswater,3
Ultima,14
Ulupna,4
Undera,26
Underbool,6
Upper Ferntree Gully,235
Upper Gundowring,2
Upper Plenty,47
Upwey,259
Valencia Creek,6
Vasey,1
Vectis,7
Ventnor,45
Venus Bay,40
Vermont,338
Vermont South,327
Vervale,3
Vesper,1
Victoria Valley,1
Viewbank,174
Vinifera,6
Violet Town,31
Vite Vite,1
W Tree,12
Waaia,6
Waanyarra,1
Wahgunyah,29
Wahring,16
Wail,1
Wairewa,4
Wal Wal,2
Waldara,1
Walhalla,18
Walkerville,5
Walkerville North,2
Walkerville South,1
Wallace,13
Wallacedale,6
Wallan,931
Wallinduc,2
Wallington,45
Walmer,1
Walpa,2
Walpeup,3
Walwa,14
Wandana Heights,61
Wandella,1
Wandiligong,7
Wandin East,8
Wandin North,95
Wando Vale,1
Wandong,69
Wangandary,3
Wangaratta,2261
Wangaratta South,10
Wangoom,2
Wannon,1
Wantirna,589
Wantirna South,1441
Waranga Shores,9
Waratah Bay,1
Warburton,122
Wareek,1
Warncoort,3
Warneet,22
Warracknabeal,126
Warragul,1279
Warragul South,3
Warragul West,1
Warrak,3
Warrandyte,153
Warrandyte South,14
Warranwood,64
Warrenbayne,1
Warrenheip,48
Warrenmang,1
Warrnambool,2902
Warrong,1
Wartook,3
Watchem,4
Watchem West,1
Waterford Park,5
Waterloo,15
Waterways,39
Watsonia,475
Watsonia North,76
Watsons Creek,3
Wattle Bank,4
Wattle Flat,4
Wattle Glen,38
Wattle Hill,4
Waubra,6
Waurn Ponds,201
Weatherboard,1
Wedderburn,50
Wedderburn Junction,1
Weering,1
Weir Views,57
Wellsford,21
Welshmans Reef,4
Welshpool,7
Wemen,1
Wendouree,1508
Wensleydale,4
Werona,1
Werribee,3901
Werribee South,164
Werrimull,4
Wesburn,38
West Bendigo,19
West Creek,3
West Footscray,623
West Melbourne,607
West Wodonga,817
Westbury,5
Westmeadows,456
Westmere,1
Wharparilla,11
Wheatsheaf,8
Wheelers Hill,484
White Hills,164
Whiteheads Creek,20
Whitfield,1
Whitlands,1
Whittington,505
Whittlesea,313
Whorouly,9
Whorouly East,1
Whroo,5
Wickliffe,3
Wilby,8
Wildwood,34
Willaura,19
Willaura North,2
Williams Landing,290
Williamstown,1132
Williamstown North,164
Willow Grove,9
Willowmavin,6
Willowvale,1
Willung,2
Willung South,4
Wilsons Hill,1
Wilsons Promontory,6
Wimbledon Heights,12
Winchelsea,122
Winchelsea South,3
Windermere,7
Windsor,850
Wingan River,4
Winter Valley,65
Winton,12
Winton North,1
Wiseleigh,1
Wodonga,2232
Wollert,332
Won Wron,5
Wonga Park,90
Wongarra,1
Wongungarra,1
Wonnangatta,6
Wonthaggi,729
Wonwondah,7
Wonyip,2
Wood Wood,5
Woodend,315
Woodend North,6
Woodfield,1
Woodleigh,3
Woods Point,16
Woodside,26
Woodside Beach,5
Woodstock,12
Woodvale,16
Wool Wool,1
Woolamai,4
Woolenook,1
Woolsthorpe,6
Woomelang,3
Wooragee,5
Woori Yallock,110
Woorinen,15
Woorinen North,1
Woorinen South,11
Woorndoo,2
Woosang,2
Wootong Vale,2
Wuk Wuk,4
Wunghnu,12
Wurdiboluc,2
Wurruk,89
Wy Yung,29
Wycheproof,44
Wye River,6
Wyelangta,1
Wyndham Vale,801
Wyuna,7
Wyuna East,8
Yaapeet,52
Yabba North,2
Yackandandah,22
Yalca,7
Yallambie,162
Yallourn,12
Yallourn North,175
Yalmy,1
Yambuk,5
Yambuna,6
Yan Yean,19
Yanac,15
Yanakie,24
Yandoit,7
Yandoit Hills,2
Yangery,1
Yannathan,5
Yapeen,12
Yarck,7
Yarpturk,2
Yarra Glen,57
Yarra Junction,169
Yarraberb,2
Yarragon,77
Yarragon South,1
Yarram,173
Yarrambat,59
Yarraville,735
Yarrawalla,14
Yarrawonga,259
Yarroweyah,30
Yea,90
Yellingbo,45
Yelta,13
Yendon,9
Yeo,1
Yeodene,1
Yering,6
Yielima,5
Yinnar,73
Yinnar South,35
Youanmite,4
Youarang,1
Yulecart,5
Yundool,2
Yuroke,20
Yuulong,1
Zeerust,7
